[{"username":"kaua","email":"camargokaua1000@gmail.com","password":"$2y$10$Xy4CuMxW8gldg5BKzQXQZuvYo70D8UmulHKb4H4jGGWq4OlArvRd6"},{"username":"kaua123","cpf":"123.456.789-00","data_nascimento":"11111-11-11","telefone":"(11) 11111-1111","email":"camargokaua4@gmail.com","curso":"Agronomia","turno":"noturno","password":"$2y$10$kg1GKIE2PvVWMhRlNKiXOOpQev7vLHPF9fzucuVgrhAUMYChld1le","data_cadastro":"2025-06-28 05:36:32"},{"username":"Kaua Everton Camargo","cpf":"11","data_nascimento":"0111-11-11","telefone":"(11) 11","email":"camargokaua10@gmail.com","curso":"Administra\u00e7\u00e3o","turno":"noturno","password":"$2y$10$rCLfkoY7kw\/V8Ond\/PBAiuZu66\/LkbWDu4ZRizEytOLn2BbjSbIUW","data_cadastro":"2025-06-28 05:42:55"}]